[{"pk": "10RTDROP", "model": "agreement.product", "fields": {"category": "Rate Drops", "type": "closer", "name": "$10/mo rate drop", "description": "Removes $10 (requires manager approval)"}}, {"pk": "5RTDROP", "model": "agreement.product", "fields": {"category": "Rate Drops", "type": "closer", "name": "$5/mo rate drop", "description": "Removes $5 from the monthly monitoring rate"}}, {"pk": "ALPACASRV", "model": "agreement.product", "fields": {"category": "Services", "type": "service", "name": "Alpaca Rental Service", "description": "alpaca shears"}}, {"pk": "CELLSERV", "model": "agreement.product", "fields": {"category": "Premium Items", "type": "equipment", "name": "Cellular Antenna", "description": "Cut the wires and it still works!"}}, {"pk": "CRBMDT", "model": "agreement.product", "fields": {"category": "Fire Sensors", "type": "part", "name": "Carbon Monoxide Detector", "description": ""}}, {"pk": "DWSENS", "model": "agreement.product", "fields": {"category": "Security Sensors", "type": "part", "name": "Door/Window Sensors", "description": ""}}, {"pk": "FLSENS", "model": "agreement.product", "fields": {"category": "Security Sensors", "type": "part", "name": "Flood Sensor", "description": ""}}, {"pk": "FREEKEY", "model": "agreement.product", "fields": {"category": "Rate Drops", "type": "closer", "name": "Free Keychains", "description": "Give away some of our famous disposable keychains"}}, {"pk": "FREESHIP", "model": "agreement.product", "fields": {"category": "Rate Drops", "type": "closer", "name": "Free Shipping", "description": "Cancels out shipping cost for the customer"}}, {"pk": "GBSENS", "model": "agreement.product", "fields": {"category": "Security Sensors", "type": "part", "name": "Glass Break Sensor", "description": ""}}, {"pk": "GDSENS", "model": "agreement.product", "fields": {"category": "Security Sensors", "type": "part", "name": "Garage Door Sensor", "description": ""}}, {"pk": "KEYCRC", "model": "agreement.product", "fields": {"category": "Accessories", "type": "part", "name": "Keychain Remote Control", "description": ""}}, {"pk": "LTSENS", "model": "agreement.product", "fields": {"category": "Security Sensors", "type": "part", "name": "Low Temperature Sensor", "description": ""}}, {"pk": "MEDPEN", "model": "agreement.product", "fields": {"category": "Accessories", "type": "part", "name": "Medical Panic Pendant", "description": ""}}, {"pk": "MEDPNB", "model": "agreement.product", "fields": {"category": "Accessories", "type": "part", "name": "Medical Panic Bracelet", "description": ""}}, {"pk": "MINPNP", "model": "agreement.product", "fields": {"category": "Accessories", "type": "part", "name": "Mini Pinpad", "description": ""}}, {"pk": "MOTDEC", "model": "agreement.product", "fields": {"category": "Security Sensors", "type": "part", "name": "Motion Detector", "description": ""}}, {"pk": "SIMNXT", "model": "agreement.product", "fields": {"category": "Security Panels", "type": "part", "name": "Simon XT", "description": ""}}, {"pk": "SIMTHR", "model": "agreement.product", "fields": {"category": "Security Panels", "type": "part", "name": "Simon 3", "description": ""}}, {"pk": "SMKDET", "model": "agreement.product", "fields": {"category": "Fire Sensors", "type": "part", "name": "Smoke Detector", "description": ""}}, {"pk": "SMOKESRV", "model": "agreement.product", "fields": {"category": "Services", "type": "service", "name": "Smoke Service", "description": "smoke detector(s)"}}, {"pk": "SOLLGT", "model": "agreement.product", "fields": {"category": "Accessories", "type": "part", "name": "Solar Light", "description": ""}}, {"pk": "TLKDEV", "model": "agreement.product", "fields": {"category": "Security Panels", "type": "part", "name": "Talkover Device", "description": ""}}, {"pk": "TLKKYP", "model": "agreement.product", "fields": {"category": "Accessories", "type": "part", "name": "Talking Keypad", "description": ""}}, {"pk": "TLKTSC", "model": "agreement.product", "fields": {"category": "Accessories", "type": "part", "name": "XT Talking Touchscreen", "description": ""}}, {"pk": "VIDEOSRV", "model": "agreement.product", "fields": {"category": "Services", "type": "service", "name": "Video Service", "description": "cameras"}}, {"pk": "XTNAPM", "model": "agreement.product", "fields": {"category": "Home Automation", "type": "part", "name": "X10 Appliance Module", "description": ""}}, {"pk": "XTNSIR", "model": "agreement.product", "fields": {"category": "Home Automation", "type": "part", "name": "XT Siren", "description": ""}}, {"pk": "XTSRCK", "model": "agreement.product", "fields": {"category": "Home Automation", "type": "part", "name": "X10 Socket Rocket", "description": ""}}, {"pk": "Cpn PT", "model": "agreement.pricetable", "fields": {}}, {"pk": "Org PT", "model": "agreement.pricetable", "fields": {}}, {"pk": 1, "model": "agreement.productprice", "fields": {"monthly_price": "5.0000", "todate": null, "product": "10RTDROP", "cb_points": 5, "pricetable": "Org PT", "promo": false, "fromdate": null, "upfront_price": null}}, {"pk": 3, "model": "agreement.productprice", "fields": {"monthly_price": "5.0000", "todate": null, "product": "5RTDROP", "cb_points": 5, "pricetable": "Org PT", "promo": false, "fromdate": null, "upfront_price": null}}, {"pk": 4, "model": "agreement.productprice", "fields": {"monthly_price": "5.0000", "todate": null, "product": "ALPACASRV", "cb_points": 5, "pricetable": "Org PT", "promo": false, "fromdate": null, "upfront_price": null}}, {"pk": 7, "model": "agreement.productprice", "fields": {"monthly_price": "5.0000", "todate": null, "product": "CELLSERV", "cb_points": 5, "pricetable": "Org PT", "promo": false, "fromdate": null, "upfront_price": null}}, {"pk": 8, "model": "agreement.productprice", "fields": {"monthly_price": "5.0000", "todate": null, "product": "CRBMDT", "cb_points": 5, "pricetable": "Org PT", "promo": false, "fromdate": null, "upfront_price": null}}, {"pk": 9, "model": "agreement.productprice", "fields": {"monthly_price": "5.0000", "todate": null, "product": "DWSENS", "cb_points": 5, "pricetable": "Org PT", "promo": false, "fromdate": null, "upfront_price": null}}, {"pk": 10, "model": "agreement.productprice", "fields": {"monthly_price": "5.0000", "todate": null, "product": "FLSENS", "cb_points": 5, "pricetable": "Org PT", "promo": false, "fromdate": null, "upfront_price": null}}, {"pk": 11, "model": "agreement.productprice", "fields": {"monthly_price": "5.0000", "todate": null, "product": "FREEKEY", "cb_points": 5, "pricetable": "Org PT", "promo": false, "fromdate": null, "upfront_price": null}}, {"pk": 12, "model": "agreement.productprice", "fields": {"monthly_price": "5.0000", "todate": null, "product": "FREESHIP", "cb_points": 5, "pricetable": "Org PT", "promo": false, "fromdate": null, "upfront_price": null}}, {"pk": 13, "model": "agreement.productprice", "fields": {"monthly_price": "5.0000", "todate": null, "product": "GBSENS", "cb_points": 5, "pricetable": "Org PT", "promo": false, "fromdate": null, "upfront_price": null}}, {"pk": 14, "model": "agreement.productprice", "fields": {"monthly_price": "5.0000", "todate": null, "product": "GDSENS", "cb_points": 5, "pricetable": "Org PT", "promo": false, "fromdate": null, "upfront_price": null}}, {"pk": 16, "model": "agreement.productprice", "fields": {"monthly_price": "5.0000", "todate": null, "product": "KEYCRC", "cb_points": 5, "pricetable": "Org PT", "promo": false, "fromdate": null, "upfront_price": null}}, {"pk": 17, "model": "agreement.productprice", "fields": {"monthly_price": "5.0000", "todate": null, "product": "LTSENS", "cb_points": 5, "pricetable": "Org PT", "promo": false, "fromdate": null, "upfront_price": null}}, {"pk": 19, "model": "agreement.productprice", "fields": {"monthly_price": "5.0000", "todate": null, "product": "MEDPEN", "cb_points": 5, "pricetable": "Org PT", "promo": false, "fromdate": null, "upfront_price": null}}, {"pk": 20, "model": "agreement.productprice", "fields": {"monthly_price": "5.0000", "todate": null, "product": "MEDPNB", "cb_points": 5, "pricetable": "Org PT", "promo": false, "fromdate": null, "upfront_price": null}}, {"pk": 21, "model": "agreement.productprice", "fields": {"monthly_price": "5.0000", "todate": null, "product": "MINPNP", "cb_points": 5, "pricetable": "Org PT", "promo": false, "fromdate": null, "upfront_price": null}}, {"pk": 22, "model": "agreement.productprice", "fields": {"monthly_price": "5.0000", "todate": null, "product": "MOTDEC", "cb_points": 5, "pricetable": "Org PT", "promo": false, "fromdate": null, "upfront_price": null}}, {"pk": 23, "model": "agreement.productprice", "fields": {"monthly_price": "5.0000", "todate": null, "product": "SIMNXT", "cb_points": 5, "pricetable": "Org PT", "promo": false, "fromdate": null, "upfront_price": null}}, {"pk": 24, "model": "agreement.productprice", "fields": {"monthly_price": "5.0000", "todate": null, "product": "SIMTHR", "cb_points": 5, "pricetable": "Org PT", "promo": false, "fromdate": null, "upfront_price": null}}, {"pk": 25, "model": "agreement.productprice", "fields": {"monthly_price": "5.0000", "todate": null, "product": "SMKDET", "cb_points": 5, "pricetable": "Org PT", "promo": false, "fromdate": null, "upfront_price": null}}, {"pk": 26, "model": "agreement.productprice", "fields": {"monthly_price": "5.0000", "todate": null, "product": "SMOKESRV", "cb_points": 5, "pricetable": "Org PT", "promo": false, "fromdate": null, "upfront_price": null}}, {"pk": 28, "model": "agreement.productprice", "fields": {"monthly_price": "5.0000", "todate": null, "product": "SOLLGT", "cb_points": 5, "pricetable": "Org PT", "promo": false, "fromdate": null, "upfront_price": null}}, {"pk": 29, "model": "agreement.productprice", "fields": {"monthly_price": "5.0000", "todate": null, "product": "TLKDEV", "cb_points": 5, "pricetable": "Org PT", "promo": false, "fromdate": null, "upfront_price": null}}, {"pk": 30, "model": "agreement.productprice", "fields": {"monthly_price": "5.0000", "todate": null, "product": "TLKKYP", "cb_points": 5, "pricetable": "Org PT", "promo": false, "fromdate": null, "upfront_price": null}}, {"pk": 31, "model": "agreement.productprice", "fields": {"monthly_price": "5.0000", "todate": null, "product": "TLKTSC", "cb_points": 5, "pricetable": "Org PT", "promo": false, "fromdate": null, "upfront_price": null}}, {"pk": 32, "model": "agreement.productprice", "fields": {"monthly_price": "5.0000", "todate": null, "product": "VIDEOSRV", "cb_points": 5, "pricetable": "Org PT", "promo": false, "fromdate": null, "upfront_price": null}}, {"pk": 33, "model": "agreement.productprice", "fields": {"monthly_price": "5.0000", "todate": null, "product": "XTNAPM", "cb_points": 5, "pricetable": "Org PT", "promo": false, "fromdate": null, "upfront_price": null}}, {"pk": 34, "model": "agreement.productprice", "fields": {"monthly_price": "5.0000", "todate": null, "product": "XTNSIR", "cb_points": 5, "pricetable": "Org PT", "promo": false, "fromdate": null, "upfront_price": null}}, {"pk": 35, "model": "agreement.productprice", "fields": {"monthly_price": "5.0000", "todate": null, "product": "XTSRCK", "cb_points": 5, "pricetable": "Org PT", "promo": false, "fromdate": null, "upfront_price": null}}, {"pk": 37, "model": "agreement.productprice", "fields": {"monthly_price": "8.0000", "todate": null, "product": "DWSENS", "cb_points": 10, "pricetable": "Cpn PT", "promo": false, "fromdate": null, "upfront_price": null}}, {"pk": 1, "model": "agreement.applicant", "fields": {"lname": "Bond", "phone": "", "initial": "X", "fname": "Joan"}}, {"pk": 2, "model": "agreement.applicant", "fields": {"lname": "", "phone": "", "initial": "", "fname": ""}}, {"pk": 3, "model": "agreement.applicant", "fields": {"lname": "", "phone": "", "initial": "", "fname": ""}}, {"pk": 4, "model": "agreement.applicant", "fields": {"lname": "", "phone": "", "initial": "", "fname": ""}}, {"pk": 5, "model": "agreement.applicant", "fields": {"lname": "", "phone": "", "initial": "", "fname": ""}}, {"pk": 6, "model": "agreement.applicant", "fields": {"lname": "", "phone": "", "initial": "", "fname": ""}}, {"pk": 7, "model": "agreement.applicant", "fields": {"lname": "", "phone": "", "initial": "", "fname": ""}}, {"pk": 8, "model": "agreement.applicant", "fields": {"lname": "", "phone": "", "initial": "", "fname": ""}}, {"pk": 9, "model": "agreement.applicant", "fields": {"lname": "Snowdon", "phone": "", "initial": "Q", "fname": "Snow"}}, {"pk": 10, "model": "agreement.applicant", "fields": {"lname": "Snowdon", "phone": "", "initial": "Q", "fname": "Snow"}}, {"pk": 11, "model": "agreement.applicant", "fields": {"lname": "Snowdon", "phone": "", "initial": "Q", "fname": "Snow"}}, {"pk": 12, "model": "agreement.applicant", "fields": {"lname": "", "phone": "", "initial": "", "fname": ""}}, {"pk": 13, "model": "agreement.applicant", "fields": {"lname": "", "phone": "", "initial": "", "fname": ""}}, {"pk": 14, "model": "agreement.applicant", "fields": {"lname": "", "phone": "", "initial": "", "fname": ""}}, {"pk": 15, "model": "agreement.applicant", "fields": {"lname": "", "phone": "", "initial": "", "fname": ""}}, {"pk": 16, "model": "agreement.applicant", "fields": {"lname": "", "phone": "", "initial": "", "fname": ""}}, {"pk": 17, "model": "agreement.applicant", "fields": {"lname": "", "phone": "", "initial": "", "fname": ""}}, {"pk": 18, "model": "agreement.applicant", "fields": {"lname": "", "phone": "", "initial": "", "fname": ""}}, {"pk": 19, "model": "agreement.applicant", "fields": {"lname": "", "phone": "", "initial": "", "fname": ""}}, {"pk": 1, "model": "agreement.address", "fields": {"city": "", "state": "", "country": "", "zip": "", "address": ""}}, {"pk": 2, "model": "agreement.address", "fields": {"city": "Snowdonia", "state": "S", "country": "Canada", "zip": "12345", "address": "2 Snow Way"}}, {"pk": 3, "model": "agreement.address", "fields": {"city": "", "state": "", "country": "", "zip": "", "address": ""}}, {"pk": 4, "model": "agreement.address", "fields": {"city": "", "state": "", "country": "", "zip": "12345", "address": ""}}, {"pk": 5, "model": "agreement.address", "fields": {"city": "", "state": "", "country": "", "zip": "", "address": ""}}, {"pk": 6, "model": "agreement.address", "fields": {"city": "", "state": "", "country": "", "zip": "78714", "address": ""}}, {"pk": 7, "model": "agreement.address", "fields": {"city": "", "state": "", "country": "", "zip": "", "address": ""}}, {"pk": 8, "model": "agreement.address", "fields": {"city": "", "state": "", "country": "", "zip": "78714", "address": ""}}, {"pk": 9, "model": "agreement.address", "fields": {"city": "", "state": "", "country": "", "zip": "", "address": ""}}, {"pk": 10, "model": "agreement.address", "fields": {"city": "", "state": "", "country": "", "zip": "78714", "address": ""}}, {"pk": 11, "model": "agreement.address", "fields": {"city": "", "state": "", "country": "", "zip": "", "address": ""}}, {"pk": 12, "model": "agreement.address", "fields": {"city": "", "state": "", "country": "", "zip": "78714", "address": ""}}, {"pk": 13, "model": "agreement.address", "fields": {"city": "", "state": "", "country": "", "zip": "", "address": ""}}, {"pk": 14, "model": "agreement.address", "fields": {"city": "", "state": "", "country": "", "zip": "78714", "address": ""}}, {"pk": 15, "model": "agreement.address", "fields": {"city": "", "state": "", "country": "", "zip": "", "address": ""}}, {"pk": 16, "model": "agreement.address", "fields": {"city": "", "state": "", "country": "", "zip": "78714", "address": ""}}, {"pk": 17, "model": "agreement.address", "fields": {"city": "", "state": "", "country": "", "zip": "", "address": ""}}, {"pk": 18, "model": "agreement.address", "fields": {"city": "Snowdonia", "state": "S", "country": "USA", "zip": "78714", "address": "1 Snow Way"}}, {"pk": 19, "model": "agreement.address", "fields": {"city": "", "state": "", "country": "", "zip": "", "address": ""}}, {"pk": 20, "model": "agreement.address", "fields": {"city": "Snowdonia", "state": "S", "country": "USA", "zip": "78714", "address": "1 Snow Way"}}, {"pk": 21, "model": "agreement.address", "fields": {"city": "", "state": "", "country": "", "zip": "", "address": ""}}, {"pk": 22, "model": "agreement.address", "fields": {"city": "Snowdonia", "state": "S", "country": "USA", "zip": "78714", "address": "1 Snow Way"}}, {"pk": 23, "model": "agreement.address", "fields": {"city": "", "state": "", "country": "", "zip": "", "address": ""}}, {"pk": 24, "model": "agreement.address", "fields": {"city": "", "state": "", "country": "", "zip": "78741", "address": ""}}, {"pk": 25, "model": "agreement.address", "fields": {"city": "", "state": "", "country": "", "zip": "", "address": ""}}, {"pk": 26, "model": "agreement.address", "fields": {"city": "", "state": "", "country": "", "zip": "78741", "address": ""}}, {"pk": 27, "model": "agreement.address", "fields": {"city": "", "state": "", "country": "", "zip": "", "address": ""}}, {"pk": 28, "model": "agreement.address", "fields": {"city": "", "state": "", "country": "", "zip": "78741", "address": ""}}, {"pk": 29, "model": "agreement.address", "fields": {"city": "", "state": "", "country": "", "zip": "", "address": ""}}, {"pk": 30, "model": "agreement.address", "fields": {"city": "", "state": "", "country": "", "zip": "78741", "address": ""}}, {"pk": 31, "model": "agreement.address", "fields": {"city": "", "state": "", "country": "", "zip": "", "address": ""}}, {"pk": 32, "model": "agreement.address", "fields": {"city": "", "state": "", "country": "", "zip": "78741", "address": ""}}, {"pk": 33, "model": "agreement.address", "fields": {"city": "", "state": "", "country": "", "zip": "", "address": ""}}, {"pk": 34, "model": "agreement.address", "fields": {"city": "", "state": "", "country": "", "zip": "78741", "address": ""}}, {"pk": 35, "model": "agreement.address", "fields": {"city": "", "state": "", "country": "", "zip": "", "address": ""}}, {"pk": 36, "model": "agreement.address", "fields": {"city": "", "state": "", "country": "", "zip": "12345", "address": ""}}, {"pk": 37, "model": "agreement.address", "fields": {"city": "", "state": "", "country": "", "zip": "", "address": ""}}, {"pk": 38, "model": "agreement.address", "fields": {"city": "", "state": "", "country": "", "zip": "12345", "address": ""}}, {"pk": "Bronze", "model": "agreement.package", "fields": {"code": "bronze"}}, {"pk": "Copper", "model": "agreement.package", "fields": {"code": "copper"}}, {"pk": "Gold", "model": "agreement.package", "fields": {"code": "gold"}}, {"pk": "placeholder", "model": "agreement.package", "fields": {"code": "blank"}}, {"pk": "Platinum", "model": "agreement.package", "fields": {"code": "platinum"}}, {"pk": "Silver", "model": "agreement.package", "fields": {"code": "silver"}}, {"pk": 1, "model": "agreement.pkgproduct", "fields": {"product": "DWSENS", "quantity": 3, "package": "Copper"}}, {"pk": 2, "model": "agreement.pkgproduct", "fields": {"product": "SIMNXT", "quantity": 1, "package": "Copper"}}, {"pk": 3, "model": "agreement.pkgproduct", "fields": {"product": "MOTDEC", "quantity": 2, "package": "Copper"}}, {"pk": 4, "model": "agreement.pkgproduct", "fields": {"product": "DWSENS", "quantity": 7, "package": "Bronze"}}, {"pk": 5, "model": "agreement.pkgproduct", "fields": {"product": "SIMNXT", "quantity": 1, "package": "Bronze"}}, {"pk": 6, "model": "agreement.pkgproduct", "fields": {"product": "MOTDEC", "quantity": 2, "package": "Bronze"}}, {"pk": 7, "model": "agreement.pkgproduct", "fields": {"product": "DWSENS", "quantity": 10, "package": "Silver"}}, {"pk": 8, "model": "agreement.pkgproduct", "fields": {"product": "SIMNXT", "quantity": 1, "package": "Silver"}}, {"pk": 9, "model": "agreement.pkgproduct", "fields": {"product": "MOTDEC", "quantity": 2, "package": "Silver"}}, {"pk": 10, "model": "agreement.pkgproduct", "fields": {"product": "DWSENS", "quantity": 12, "package": "Gold"}}, {"pk": 11, "model": "agreement.pkgproduct", "fields": {"product": "SIMNXT", "quantity": 1, "package": "Gold"}}, {"pk": 12, "model": "agreement.pkgproduct", "fields": {"product": "MOTDEC", "quantity": 2, "package": "Gold"}}, {"pk": 13, "model": "agreement.pkgproduct", "fields": {"product": "DWSENS", "quantity": 15, "package": "Platinum"}}, {"pk": 14, "model": "agreement.pkgproduct", "fields": {"product": "SIMNXT", "quantity": 1, "package": "Platinum"}}, {"pk": 15, "model": "agreement.pkgproduct", "fields": {"product": "MOTDEC", "quantity": 2, "package": "Platinum"}}, {"pk": "1", "model": "agreement.campaign", "fields": {"name": "Test Campaign"}}, {"pk": 1, "model": "agreement.cmpprice", "fields": {"date_updated": "2013-12-09T22:01:23", "notes": "", "zorder": 1, "campaign": "1", "pricetable": "Cpn PT"}}, {"pk": 1, "model": "agreement.agreement", "fields": {"done_promos": true, "billing_address": 2, "monitoring": "cellular", "floorplan": "One Story", "campaign": "1", "package": "Platinum", "done_closing": true, "done_combo": true, "applicant": 1, "done_package": true, "shipping": "fedex", "approved": "", "promo_code": "", "done_premium": true, "system_address": 1, "pricetable_date": "2013-12-11", "email": "j@x.com", "done_customize": true, "coapplicant": null}}, {"pk": 2, "model": "agreement.agreement", "fields": {"done_promos": true, "billing_address": 22, "monitoring": "cellular", "floorplan": "One Story", "campaign": "1", "package": "Silver", "done_closing": true, "done_combo": true, "applicant": 11, "done_package": true, "shipping": "ups", "approved": "", "promo_code": "", "done_premium": true, "system_address": 21, "pricetable_date": "2013-12-13", "email": "snow@me.com", "done_customize": true, "coapplicant": null}}, {"pk": 3, "model": "agreement.agreement", "fields": {"done_promos": false, "billing_address": 34, "monitoring": "broadband", "floorplan": "One Story", "campaign": "1", "package": "Platinum", "done_closing": false, "done_combo": true, "applicant": 17, "done_package": true, "shipping": "", "approved": "", "promo_code": "", "done_premium": true, "system_address": 33, "pricetable_date": "2013-12-13", "email": "", "done_customize": true, "coapplicant": null}}, {"pk": 4, "model": "agreement.agreement", "fields": {"done_promos": false, "billing_address": 38, "monitoring": "", "floorplan": "One Story", "campaign": "1", "package": "Platinum", "done_closing": false, "done_combo": false, "applicant": 19, "done_package": true, "shipping": "", "approved": "", "promo_code": "", "done_premium": false, "system_address": 37, "pricetable_date": "2013-12-13", "email": "", "done_customize": false, "coapplicant": null}}, {"pk": 1, "model": "agreement.organization", "fields": {"name": "Test Organization"}}, {"pk": 1, "model": "agreement.orgprice", "fields": {"date_updated": "2013-12-09T21:59:35", "organization": 1, "notes": "", "zorder": 0, "pricetable": "Org PT"}}, {"pk": 1, "model": "agreement.orgcampaign", "fields": {"date_updated": "2013-12-09T21:52:47", "organization": 1, "campaign": "1"}}]
