

[
  {
    "pk": "10RTDROP",
    "model": "agreement.product",
    "fields": {
      "category": "Rate Drops",
      "product_type": "Closer",
      "name": "$10\/mo rate drop",
      "description": "Removes $10 (requires manager approval)"
    }
  },
  {
    "pk": "5RTDROP",
    "model": "agreement.product",
    "fields": {
      "category": "Rate Drops",
      "product_type": "Closer",
      "name": "$5\/mo rate drop",
      "description": "Removes $5 from the monthly monitoring rate"
    }
  },
  {
    "pk": "ALPACASRV",
    "model": "agreement.product",
    "fields": {
      "category": "Services",
      "product_type": "Service",
      "name": "Alpaca Rental Service",
      "description": "alpaca shears"
    }
  },
  {
    "pk": "ANTENNA",
    "model": "agreement.product",
    "fields": {
      "category": "Premium Items",
      "product_type": "Part",
      "name": "Cellular Antenna",
      "description": "Cut the wires and it still works!"
    }
  },
  {
    "pk": "COMBOTEST",
    "model": "agreement.product",
    "fields": {
      "category": "Combos",
      "product_type": "Combo",
      "name": "Test Combo",
      "description": "so combo wow much products"
    }
  },
  {
    "pk": "CRBMDT",
    "model": "agreement.product",
    "fields": {
      "category": "Fire Sensors",
      "product_type": "Part",
      "name": "Carbon Monoxide Detector",
      "description": ""
    }
  },
  {
    "pk": "DWSENS",
    "model": "agreement.product",
    "fields": {
      "category": "Security Sensors",
      "product_type": "Part",
      "name": "Door\/Window Sensors",
      "description": ""
    }
  },
  {
    "pk": "FLSENS",
    "model": "agreement.product",
    "fields": {
      "category": "Security Sensors",
      "product_type": "Part",
      "name": "Flood Sensor",
      "description": ""
    }
  },
  {
    "pk": "FREEKEY",
    "model": "agreement.product",
    "fields": {
      "category": "Rate Drops",
      "product_type": "Closer",
      "name": "Free Keychains",
      "description": "Give away some of our famous disposable keychains"
    }
  },
  {
    "pk": "FREESHIP",
    "model": "agreement.product",
    "fields": {
      "category": "Rate Drops",
      "product_type": "Closer",
      "name": "Free Shipping",
      "description": "Cancels out shipping cost for the customer"
    }
  },
  {
    "pk": "GBSENS",
    "model": "agreement.product",
    "fields": {
      "category": "Security Sensors",
      "product_type": "Part",
      "name": "Glass Break Sensor",
      "description": ""
    }
  },
  {
    "pk": "GDSENS",
    "model": "agreement.product",
    "fields": {
      "category": "Security Sensors",
      "product_type": "Part",
      "name": "Garage Door Sensor",
      "description": ""
    }
  },
  {
    "pk": "KEYCRC",
    "model": "agreement.product",
    "fields": {
      "category": "Accessories",
      "product_type": "Part",
      "name": "Keychain Remote Control",
      "description": ""
    }
  },
  {
    "pk": "LTSENS",
    "model": "agreement.product",
    "fields": {
      "category": "Security Sensors",
      "product_type": "Part",
      "name": "Low Temperature Sensor",
      "description": ""
    }
  },
  {
    "pk": "MEDPEN",
    "model": "agreement.product",
    "fields": {
      "category": "Accessories",
      "product_type": "Part",
      "name": "Medical Panic Pendant",
      "description": ""
    }
  },
  {
    "pk": "MEDPNB",
    "model": "agreement.product",
    "fields": {
      "category": "Accessories",
      "product_type": "Part",
      "name": "Medical Panic Bracelet",
      "description": ""
    }
  },
  {
    "pk": "MINPNP",
    "model": "agreement.product",
    "fields": {
      "category": "Accessories",
      "product_type": "Part",
      "name": "Mini Pinpad",
      "description": ""
    }
  },
  {
    "pk": "MOTDEC",
    "model": "agreement.product",
    "fields": {
      "category": "Security Sensors",
      "product_type": "Part",
      "name": "Motion Detector",
      "description": ""
    }
  },
  {
    "pk": "SIMNXT",
    "model": "agreement.product",
    "fields": {
      "category": "Security Panels",
      "product_type": "Part",
      "name": "Simon XT",
      "description": ""
    }
  },
  {
    "pk": "SIMTHR",
    "model": "agreement.product",
    "fields": {
      "category": "Security Panels",
      "product_type": "Part",
      "name": "Simon 3",
      "description": ""
    }
  },
  {
    "pk": "SMKDET",
    "model": "agreement.product",
    "fields": {
      "category": "Fire Sensors",
      "product_type": "Part",
      "name": "Smoke Detector",
      "description": ""
    }
  },
  {
    "pk": "SMOKESRV",
    "model": "agreement.product",
    "fields": {
      "category": "Services",
      "product_type": "Service",
      "name": "Smoke Service",
      "description": "smoke detector(s)"
    }
  },
  {
    "pk": "SOLLGT",
    "model": "agreement.product",
    "fields": {
      "category": "Accessories",
      "product_type": "Part",
      "name": "Solar Light",
      "description": ""
    }
  },
  {
    "pk": "TLKDEV",
    "model": "agreement.product",
    "fields": {
      "category": "Security Panels",
      "product_type": "Part",
      "name": "Talkover Device",
      "description": ""
    }
  },
  {
    "pk": "TLKKYP",
    "model": "agreement.product",
    "fields": {
      "category": "Accessories",
      "product_type": "Part",
      "name": "Talking Keypad",
      "description": ""
    }
  },
  {
    "pk": "TLKTSC",
    "model": "agreement.product",
    "fields": {
      "category": "Accessories",
      "product_type": "Part",
      "name": "XT Talking Touchscreen",
      "description": ""
    }
  },
  {
    "pk": "VIDEOSRV",
    "model": "agreement.product",
    "fields": {
      "category": "Services",
      "product_type": "Service",
      "name": "Video Service",
      "description": "cameras"
    }
  },
  {
    "pk": "XTNAPM",
    "model": "agreement.product",
    "fields": {
      "category": "Home Automation",
      "product_type": "Part",
      "name": "X10 Appliance Module",
      "description": ""
    }
  },
  {
    "pk": "XTNSIR",
    "model": "agreement.product",
    "fields": {
      "category": "Home Automation",
      "product_type": "Part",
      "name": "XT Siren",
      "description": ""
    }
  },
  {
    "pk": "XTSRCK",
    "model": "agreement.product",
    "fields": {
      "category": "Home Automation",
      "product_type": "Part",
      "name": "X10 Socket Rocket",
      "description": ""
    }
  },

  {
    "pk": "10RTDROP",
    "model": "agreement.closer",
    "fields": {
      "category": "Rate Drops",
      "product_type": "Closer",
      "name": "$10\/mo rate drop",
      "description": "Removes $10 (requires manager approval)"
    }
  },
  {
    "pk": "5RTDROP",
    "model": "agreement.closer",
    "fields": {
      "category": "Rate Drops",
      "product_type": "Closer",
      "name": "$5\/mo rate drop",
      "description": "Removes $5 from the monthly monitoring rate"
    }
  },
  {
    "pk": "ALPACASRV",
    "model": "agreement.service",
    "fields": {
      "category": "Services",
      "product_type": "Service",
      "name": "Alpaca Rental Service",
      "description": "alpaca shears"
    }
  },
  {
    "pk": "ANTENNA",
    "model": "agreement.part",
    "fields": {
      "category": "Premium Items",
      "product_type": "Part",
      "name": "Cellular Antenna",
      "description": "Cut the wires and it still works!"
    }
  },
  {
    "pk": "COMBOTEST",
    "model": "agreement.combo",
    "fields": {
      "category": "Combos",
      "product_type": "Combo",
      "name": "Test Combo",
      "description": "so combo wow much products"
    }
  },
  {
    "pk": "CRBMDT",
    "model": "agreement.part",
    "fields": {
      "category": "Fire Sensors",
      "product_type": "Part",
      "name": "Carbon Monoxide Detector",
      "description": ""
    }
  },
  {
    "pk": "DWSENS",
    "model": "agreement.part",
    "fields": {
      "category": "Security Sensors",
      "product_type": "Part",
      "name": "Door\/Window Sensors",
      "description": ""
    }
  },
  {
    "pk": "FLSENS",
    "model": "agreement.part",
    "fields": {
      "category": "Security Sensors",
      "product_type": "Part",
      "name": "Flood Sensor",
      "description": ""
    }
  },
  {
    "pk": "FREEKEY",
    "model": "agreement.closer",
    "fields": {
      "category": "Rate Drops",
      "product_type": "Closer",
      "name": "Free Keychains",
      "description": "Give away some of our famous disposable keychains"
    }
  },
  {
    "pk": "FREESHIP",
    "model": "agreement.closer",
    "fields": {
      "category": "Rate Drops",
      "product_type": "Closer",
      "name": "Free Shipping",
      "description": "Cancels out shipping cost for the customer"
    }
  },
  {
    "pk": "GBSENS",
    "model": "agreement.part",
    "fields": {
      "category": "Security Sensors",
      "product_type": "Part",
      "name": "Glass Break Sensor",
      "description": ""
    }
  },
  {
    "pk": "GDSENS",
    "model": "agreement.part",
    "fields": {
      "category": "Security Sensors",
      "product_type": "Part",
      "name": "Garage Door Sensor",
      "description": ""
    }
  },
  {
    "pk": "KEYCRC",
    "model": "agreement.part",
    "fields": {
      "category": "Accessories",
      "product_type": "Part",
      "name": "Keychain Remote Control",
      "description": ""
    }
  },
  {
    "pk": "LTSENS",
    "model": "agreement.part",
    "fields": {
      "category": "Security Sensors",
      "product_type": "Part",
      "name": "Low Temperature Sensor",
      "description": ""
    }
  },
  {
    "pk": "MEDPEN",
    "model": "agreement.part",
    "fields": {
      "category": "Accessories",
      "product_type": "Part",
      "name": "Medical Panic Pendant",
      "description": ""
    }
  },
  {
    "pk": "MEDPNB",
    "model": "agreement.part",
    "fields": {
      "category": "Accessories",
      "product_type": "Part",
      "name": "Medical Panic Bracelet",
      "description": ""
    }
  },
  {
    "pk": "MINPNP",
    "model": "agreement.part",
    "fields": {
      "category": "Accessories",
      "product_type": "Part",
      "name": "Mini Pinpad",
      "description": ""
    }
  },
  {
    "pk": "MOTDEC",
    "model": "agreement.part",
    "fields": {
      "category": "Security Sensors",
      "product_type": "Part",
      "name": "Motion Detector",
      "description": ""
    }
  },
  {
    "pk": "SIMNXT",
    "model": "agreement.part",
    "fields": {
      "category": "Security Panels",
      "product_type": "Part",
      "name": "Simon XT",
      "description": ""
    }
  },
  {
    "pk": "SIMTHR",
    "model": "agreement.part",
    "fields": {
      "category": "Security Panels",
      "product_type": "Part",
      "name": "Simon 3",
      "description": ""
    }
  },
  {
    "pk": "SMKDET",
    "model": "agreement.part",
    "fields": {
      "category": "Fire Sensors",
      "product_type": "Part",
      "name": "Smoke Detector",
      "description": ""
    }
  },
  {
    "pk": "SMOKESRV",
    "model": "agreement.service",
    "fields": {
      "category": "Services",
      "product_type": "Service",
      "name": "Smoke Service",
      "description": "smoke detector(s)"
    }
  },
  {
    "pk": "SOLLGT",
    "model": "agreement.part",
    "fields": {
      "category": "Accessories",
      "product_type": "Part",
      "name": "Solar Light",
      "description": ""
    }
  },
  {
    "pk": "TLKDEV",
    "model": "agreement.part",
    "fields": {
      "category": "Security Panels",
      "product_type": "Part",
      "name": "Talkover Device",
      "description": ""
    }
  },
  {
    "pk": "TLKKYP",
    "model": "agreement.part",
    "fields": {
      "category": "Accessories",
      "product_type": "Part",
      "name": "Talking Keypad",
      "description": ""
    }
  },
  {
    "pk": "TLKTSC",
    "model": "agreement.part",
    "fields": {
      "category": "Accessories",
      "product_type": "Part",
      "name": "XT Talking Touchscreen",
      "description": ""
    }
  },
  {
    "pk": "VIDEOSRV",
    "model": "agreement.service",
    "fields": {
      "category": "Services",
      "product_type": "Service",
      "name": "Video Service",
      "description": "cameras"
    }
  },
  {
    "pk": "XTNAPM",
    "model": "agreement.part",
    "fields": {
      "category": "Home Automation",
      "product_type": "Part",
      "name": "X10 Appliance Module",
      "description": ""
    }
  },
  {
    "pk": "XTNSIR",
    "model": "agreement.part",
    "fields": {
      "category": "Home Automation",
      "product_type": "Part",
      "name": "XT Siren",
      "description": ""
    }
  },
  {
    "pk": "XTSRCK",
    "model": "agreement.part",
    "fields": {
      "category": "Home Automation",
      "product_type": "Part",
      "name": "X10 Socket Rocket",
      "description": ""
    }
  },


  {
    "pk": "BROADBAND",
    "model": "agreement.product",
    "fields": {
      "category": "Connection Method",
      "product_type": "Monitoring",
      "name": "Broadband",
      "description": "broadband monitoring"
    }
  },
  {
    "pk": "LANDLINE",
    "model": "agreement.product",
    "fields": {
      "category": "Connection Method",
      "product_type": "Monitoring",
      "name": "Landline",
      "description": "Landline monitoring"
    }
  },
  {
    "pk": "Cellular",
    "model": "agreement.product",
    "fields": {
      "category": "Connection Method",
      "product_type": "Monitoring",
      "name": "Cellular",
      "description": "cellular monitoring"
    }
  },

  {
    "pk": "BROADBAND",
    "model": "agreement.monitoring",
    "fields": {
      "category": "Connection Method",
      "product_type": "Monitoring",
      "name": "Broadband",
      "description": "broadband monitoring"
    }
  },
  {
    "pk": "LANDLINE",
    "model": "agreement.monitoring",
    "fields": {
      "category": "Connection Method",
      "product_type": "Monitoring",
      "name": "Landline",
      "description": "Landline monitoring"
    }
  },
  {
    "pk": "Cellular",
    "model": "agreement.monitoring",
    "fields": {
      "category": "Connection Method",
      "product_type": "Monitoring",
      "name": "Cellular",
      "description": "cellular monitoring"
    }
  },




  {
    "pk": "Base",
    "model": "agreement.pricetable",
    "fields": {

    }
  },
  {
    "pk": "Overlay",
    "model": "agreement.pricetable",
    "fields": {

    }
  },
  {
    "pk": 1,
    "model": "agreement.productprice",
    "fields": {
      "monthly_price": "5.0000",
      "todate": null,
      "product": "10RTDROP",
      "cb_points": 5,
      "pricetable": "Base",
      "promo": false,
      "max_quantity": 0,
      "fromdate": null,
      "upfront_price": null
    }
  },
  {
    "pk": 3,
    "model": "agreement.productprice",
    "fields": {
      "monthly_price": "5.0000",
      "todate": null,
      "product": "5RTDROP",
      "cb_points": 5,
      "pricetable": "Base",
      "promo": false,
      "max_quantity": 0,
      "fromdate": null,
      "upfront_price": null
    }
  },
  {
    "pk": 4,
    "model": "agreement.productprice",
    "fields": {
      "monthly_price": "5.0000",
      "todate": null,
      "product": "ALPACASRV",
      "cb_points": 5,
      "pricetable": "Base",
      "promo": false,
      "max_quantity": 0,
      "fromdate": null,
      "upfront_price": null
    }
  },
  {
    "pk": 7,
    "model": "agreement.productprice",
    "fields": {
      "monthly_price": "5.0000",
      "todate": null,
      "product": "ANTENNA",
      "cb_points": 5,
      "pricetable": "Base",
      "promo": false,
      "max_quantity": 0,
      "fromdate": null,
      "upfront_price": null
    }
  },
  {
    "pk": 8,
    "model": "agreement.productprice",
    "fields": {
      "monthly_price": "5.0000",
      "todate": null,
      "product": "CRBMDT",
      "cb_points": 5,
      "pricetable": "Base",
      "promo": false,
      "max_quantity": 0,
      "fromdate": null,
      "upfront_price": null
    }
  },
  {
    "pk": 9,
    "model": "agreement.productprice",
    "fields": {
      "monthly_price": "5.0000",
      "todate": null,
      "product": "DWSENS",
      "cb_points": 5,
      "pricetable": "Base",
      "promo": false,
      "max_quantity": 0,
      "fromdate": null,
      "upfront_price": null
    }
  },
  {
    "pk": 10,
    "model": "agreement.productprice",
    "fields": {
      "monthly_price": "5.0000",
      "todate": null,
      "product": "FLSENS",
      "cb_points": 5,
      "pricetable": "Base",
      "promo": false,
      "max_quantity": 0,
      "fromdate": null,
      "upfront_price": null
    }
  },
  {
    "pk": 11,
    "model": "agreement.productprice",
    "fields": {
      "monthly_price": "5.0000",
      "todate": null,
      "product": "FREEKEY",
      "cb_points": 5,
      "pricetable": "Base",
      "promo": false,
      "max_quantity": 0,
      "fromdate": null,
      "upfront_price": null
    }
  },
  {
    "pk": 12,
    "model": "agreement.productprice",
    "fields": {
      "monthly_price": "5.0000",
      "todate": null,
      "product": "FREESHIP",
      "cb_points": 5,
      "pricetable": "Base",
      "promo": false,
      "max_quantity": 0,
      "fromdate": null,
      "upfront_price": null
    }
  },
  {
    "pk": 13,
    "model": "agreement.productprice",
    "fields": {
      "monthly_price": "5.0000",
      "todate": null,
      "product": "GBSENS",
      "cb_points": 5,
      "pricetable": "Base",
      "promo": false,
      "max_quantity": 0,
      "fromdate": null,
      "upfront_price": null
    }
  },
  {
    "pk": 14,
    "model": "agreement.productprice",
    "fields": {
      "monthly_price": "5.0000",
      "todate": null,
      "product": "GDSENS",
      "cb_points": 5,
      "pricetable": "Base",
      "promo": false,
      "max_quantity": 0,
      "fromdate": null,
      "upfront_price": null
    }
  },
  {
    "pk": 16,
    "model": "agreement.productprice",
    "fields": {
      "monthly_price": "5.0000",
      "todate": null,
      "product": "KEYCRC",
      "cb_points": 5,
      "pricetable": "Base",
      "promo": false,
      "max_quantity": 0,
      "fromdate": null,
      "upfront_price": null
    }
  },
  {
    "pk": 17,
    "model": "agreement.productprice",
    "fields": {
      "monthly_price": "5.0000",
      "todate": null,
      "product": "LTSENS",
      "cb_points": 5,
      "pricetable": "Base",
      "promo": false,
      "max_quantity": 0,
      "fromdate": null,
      "upfront_price": null
    }
  },
  {
    "pk": 19,
    "model": "agreement.productprice",
    "fields": {
      "monthly_price": "5.0000",
      "todate": null,
      "product": "MEDPEN",
      "cb_points": 5,
      "pricetable": "Base",
      "promo": false,
      "max_quantity": 0,
      "fromdate": null,
      "upfront_price": null
    }
  },
  {
    "pk": 20,
    "model": "agreement.productprice",
    "fields": {
      "monthly_price": "5.0000",
      "todate": null,
      "product": "MEDPNB",
      "cb_points": 5,
      "pricetable": "Base",
      "promo": false,
      "max_quantity": 0,
      "fromdate": null,
      "upfront_price": null
    }
  },
  {
    "pk": 21,
    "model": "agreement.productprice",
    "fields": {
      "monthly_price": "5.0000",
      "todate": null,
      "product": "MINPNP",
      "cb_points": 5,
      "pricetable": "Base",
      "promo": false,
      "max_quantity": 0,
      "fromdate": null,
      "upfront_price": null
    }
  },
  {
    "pk": 22,
    "model": "agreement.productprice",
    "fields": {
      "monthly_price": "5.0000",
      "todate": null,
      "product": "MOTDEC",
      "cb_points": 5,
      "pricetable": "Base",
      "promo": false,
      "max_quantity": 0,
      "fromdate": null,
      "upfront_price": null
    }
  },
  {
    "pk": 23,
    "model": "agreement.productprice",
    "fields": {
      "monthly_price": "5.0000",
      "todate": null,
      "product": "SIMNXT",
      "cb_points": 5,
      "pricetable": "Base",
      "promo": false,
      "max_quantity": 0,
      "fromdate": null,
      "upfront_price": null
    }
  },
  {
    "pk": 24,
    "model": "agreement.productprice",
    "fields": {
      "monthly_price": "5.0000",
      "todate": null,
      "product": "SIMTHR",
      "cb_points": 5,
      "pricetable": "Base",
      "promo": false,
      "max_quantity": 0,
      "fromdate": null,
      "upfront_price": null
    }
  },
  {
    "pk": 25,
    "model": "agreement.productprice",
    "fields": {
      "monthly_price": "5.0000",
      "todate": null,
      "product": "SMKDET",
      "cb_points": 5,
      "pricetable": "Base",
      "promo": false,
      "max_quantity": 0,
      "fromdate": null,
      "upfront_price": null
    }
  },
  {
    "pk": 26,
    "model": "agreement.productprice",
    "fields": {
      "monthly_price": "5.0000",
      "todate": null,
      "product": "SMOKESRV",
      "cb_points": 5,
      "pricetable": "Base",
      "promo": false,
      "max_quantity": 0,
      "fromdate": null,
      "upfront_price": null
    }
  },
  {
    "pk": 28,
    "model": "agreement.productprice",
    "fields": {
      "monthly_price": "5.0000",
      "todate": null,
      "product": "SOLLGT",
      "cb_points": 5,
      "pricetable": "Base",
      "promo": false,
      "max_quantity": 0,
      "fromdate": null,
      "upfront_price": null
    }
  },
  {
    "pk": 29,
    "model": "agreement.productprice",
    "fields": {
      "monthly_price": "5.0000",
      "todate": null,
      "product": "TLKDEV",
      "cb_points": 5,
      "pricetable": "Base",
      "promo": false,
      "max_quantity": 0,
      "fromdate": null,
      "upfront_price": null
    }
  },
  {
    "pk": 30,
    "model": "agreement.productprice",
    "fields": {
      "monthly_price": "5.0000",
      "todate": null,
      "product": "TLKKYP",
      "cb_points": 5,
      "pricetable": "Base",
      "promo": false,
      "max_quantity": 0,
      "fromdate": null,
      "upfront_price": null
    }
  },
  {
    "pk": 31,
    "model": "agreement.productprice",
    "fields": {
      "monthly_price": "5.0000",
      "todate": null,
      "product": "TLKTSC",
      "cb_points": 5,
      "pricetable": "Base",
      "promo": false,
      "max_quantity": 0,
      "fromdate": null,
      "upfront_price": null
    }
  },
  {
    "pk": 32,
    "model": "agreement.productprice",
    "fields": {
      "monthly_price": "5.0000",
      "todate": null,
      "product": "VIDEOSRV",
      "cb_points": 5,
      "pricetable": "Base",
      "promo": false,
      "max_quantity": 0,
      "fromdate": null,
      "upfront_price": null
    }
  },
  {
    "pk": 33,
    "model": "agreement.productprice",
    "fields": {
      "monthly_price": "5.0000",
      "todate": null,
      "product": "XTNAPM",
      "cb_points": 5,
      "pricetable": "Base",
      "promo": false,
      "max_quantity": 0,
      "fromdate": null,
      "upfront_price": null
    }
  },
  {
    "pk": 34,
    "model": "agreement.productprice",
    "fields": {
      "monthly_price": "5.0000",
      "todate": null,
      "product": "XTNSIR",
      "cb_points": 5,
      "pricetable": "Base",
      "promo": false,
      "max_quantity": 0,
      "fromdate": null,
      "upfront_price": null
    }
  },
  {
    "pk": 35,
    "model": "agreement.productprice",
    "fields": {
      "monthly_price": "5.0000",
      "todate": null,
      "product": "XTSRCK",
      "cb_points": 5,
      "pricetable": "Base",
      "promo": false,
      "max_quantity": 0,
      "fromdate": null,
      "upfront_price": null
    }
  },
  {
    "pk": 37,
    "model": "agreement.productprice",
    "fields": {
      "monthly_price": "8.0000",
      "todate": null,
      "product": "DWSENS",
      "cb_points": 10,
      "pricetable": "Overlay",
      "promo": false,
      "max_quantity": 0,
      "fromdate": null,
      "upfront_price": null
    }
  },
  {
    "pk": 38,
    "model": "agreement.productprice",
    "fields": {
      "monthly_price": "5.0000",
      "todate": null,
      "product": "COMBOTEST",
      "cb_points": 0,
      "pricetable": "Base",
      "promo": false,
      "max_quantity": 0,
      "fromdate": null,
      "upfront_price": null
    }
  },
  {
    "pk": 1,
    "model": "agreement.applicant",
    "fields": {
      "lname": "Snowdon",
      "phone": "",
      "initial": "X",
      "fname": "Snow"
    }
  },
  {
    "pk": 1,
    "model": "agreement.address",
    "fields": {
      "city": "",
      "state": "",
      "country": "",
      "zip": "",
      "address": ""
    }
  },
  {
    "pk": 2,
    "model": "agreement.address",
    "fields": {
      "city": "Snowdonia",
      "state": "S",
      "country": "Canada",
      "zip": "12345",
      "address": "1 Snow Way"
    }
  },

  {
    "pk": "Bronze",
    "model": "agreement.product",
    "fields": {
      "code": "bronze"
    }
  },
  {
    "pk": "Copper",
    "model": "agreement.product",
    "description": "Copper product",
    "category": "package",

    "fields": {
      "code": "copper"
    }
  },
  {
    "pk": "Gold",
    "model": "agreement.product",
    "category": "package",
    "fields": {
      "code": "gold"
    }
  },
  {
    "pk": "Platinum",
    "model": "agreement.product",
    "category": "package",
    "fields": {
      "code": "platinum"
    }
  },
  {
    "pk": "Silver",
    "model": "agreement.product",
    "category": "package",
    "fields": {
      "code": "silver"
    }
  },



  {
    "pk": "Bronze",
    "model": "agreement.package",
    "fields": {
      "code": "bronze"
    }
  },
  {
    "pk": "Copper",
    "model": "agreement.package",
    "description": "Copper Package",
    "fields": {
      "code": "copper"
    }
  },
  {
    "pk": "Gold",
    "model": "agreement.package",
    "fields": {
      "code": "gold"
    }
  },
  {
    "pk": "Platinum",
    "model": "agreement.package",
    "fields": {
      "code": "platinum"
    }
  },
  {
    "pk": "Silver",
    "model": "agreement.package",
    "fields": {
      "code": "silver"
    }
  },
  {
    "pk": 1,
    "model": "agreement.productcontent",
    "fields": {
      "included_product": "DWSENS",
      "quantity": 3,
      "included_in": "Copper"
    }
  },
  {
    "pk": 2,
    "model": "agreement.productcontent",
    "fields": {
      "included_product": "SIMNXT",
      "quantity": 1,
      "included_in": "Copper"
    }
  },
  {
    "pk": 3,
    "model": "agreement.productcontent",
    "fields": {
      "included_product": "MOTDEC",
      "quantity": 2,
      "included_in": "Copper"
    }
  },
  {
    "pk": 4,
    "model": "agreement.productcontent",
    "fields": {
      "included_product": "DWSENS",
      "quantity": 7,
      "included_in": "Bronze"
    }
  },
  {
    "pk": 5,
    "model": "agreement.productcontent",
    "fields": {
      "included_product": "SIMNXT",
      "quantity": 1,
      "included_in": "Bronze"
    }
  },
  {
    "pk": 6,
    "model": "agreement.productcontent",
    "fields": {
      "included_product": "MOTDEC",
      "quantity": 2,
      "included_in": "Bronze"
    }
  },
  {
    "pk": 7,
    "model": "agreement.productcontent",
    "fields": {
      "included_product": "DWSENS",
      "quantity": 10,
      "included_in": "Silver"
    }
  },
  {
    "pk": 8,
    "model": "agreement.productcontent",
    "fields": {
      "included_product": "SIMNXT",
      "quantity": 1,
      "included_in": "Silver"
    }
  },
  {
    "pk": 9,
    "model": "agreement.productcontent",
    "fields": {
      "included_product": "MOTDEC",
      "quantity": 2,
      "included_in": "Silver"
    }
  },
  {
    "pk": 10,
    "model": "agreement.productcontent",
    "fields": {
      "included_product": "DWSENS",
      "quantity": 12,
      "included_in": "Gold"
    }
  },
  {
    "pk": 11,
    "model": "agreement.productcontent",
    "fields": {
      "included_product": "SIMNXT",
      "quantity": 1,
      "included_in": "Gold"
    }
  },
  {
    "pk": 12,
    "model": "agreement.productcontent",
    "fields": {
      "included_product": "MOTDEC",
      "quantity": 2,
      "included_in": "Gold"
    }
  },
  {
    "pk": 13,
    "model": "agreement.productcontent",
    "fields": {
      "included_product": "DWSENS",
      "quantity": 15,
      "included_in": "Platinum"
    }
  },
  {
    "pk": 14,
    "model": "agreement.productcontent",
    "fields": {
      "included_product": "SIMNXT",
      "quantity": 1,
      "included_in": "Platinum"
    }
  },
  {
    "pk": 15,
    "model": "agreement.productcontent",
    "fields": {
      "included_product": "MOTDEC",
      "quantity": 2,
      "included_in": "Platinum"
    }
  },
  {
    "pk": 1,
    "model": "agreement.pricegroup",
    "fields": {
      "name": "Fake PG"
    }
  },
  {
    "pk": 2,
    "model": "agreement.pricegroup",
    "fields": {
      "name": "PG Thirteen"
    }
  },
  {
    "pk": 1,
    "model": "agreement.pgmembership",
    "fields": {
      "date_updated": "2014-01-10",
      "notes": "sxh wuz here",
      "zorder": 1,
      "pricegroup": 1,
      "pricetable": "Overlay"
    }
  },
  {
    "pk": 2,
    "model": "agreement.pgmembership",
    "fields": {
      "date_updated": "2014-01-10",
      "notes": "sxh wuz here",
      "zorder": 0,
      "pricegroup": 1,
      "pricetable": "Base"
    }
  },
  {
    "pk": 3,
    "model": "agreement.pgmembership",
    "fields": {
      "date_updated": "2014-01-10",
      "notes": "totally real yo",
      "zorder": 0,
      "pricegroup": 2,
      "pricetable": "Base"
    }
  },
  {
    "pk": "X00000",
    "model": "agreement.campaign",
    "fields": {
      "name": "Test Campaign",
      "pricegroup": 1,
      "organization": "TEST"
    }
  },

  {
    "pk": 4,
    "model": "agreement.productcontent",
    "fields": {
      "included_product": "GDSENS",
      "upfront_strike": null,
      "monthly_strike": null,
      "included_in": "COMBOTEST",
      "quantity": 2
    }
  },
  {
    "pk": "TEST",
    "model": "agreement.organization",
    "fields": {
      "name": "Test Organization",
      "pricegroup": 2
    }
  }
]

